[{"name":"POULET SPÉCIAL GURKHA","description":"Poulet désossé mariné à la moutarde, piment fumé, herbes et épices cuit lentement au tandoor.","image":"https://www.free-css.com/assets/files/free-css-templates/preview/page193/bootstrap-restaurant/assets/images/gorkha-special-chicken.png","price":"2000","id":"d27ed4c0-517d-11e9-a3dd-939c1f47c9ce"},{"name":"LAMB MOMO NEPALESE","description":"Boulettes à la vapeur fourrées à la viande hachée légèrement épicée servies avec une sauce spéciale.","image":"https://www.free-css.com/assets/files/free-css-templates/preview/page193/bootstrap-restaurant/assets/images/nepali-momo.png","price":"3000","id":"ef31f020-517d-11e9-8128-078df09a2639"},{"name":"LAMB TIKKA SPECIAL","description":"De tendres morceaux d'agneau mélangés à nos propres épices et cuits doucement au four d'argile.","image":"https://www.free-css.com/assets/files/free-css-templates/preview/page193/bootstrap-restaurant/assets/images/lam-tikka.png","price":"4000","id":"00d4dc70-517e-11e9-ab1f-97584cb6f157"},{"name":"Burger","description":"Un hamburger ou par aphérèse burger, est un sandwich d'origine allemande, composé de deux pains de forme ronde généralement garnis de viande hachée et de crudités, salade, tomate, oignon, cornichon, de fromage, et de sauce…","image":"https://www.free-css.com/assets/files/free-css-templates/preview/page193/bootstrap-restaurant/assets/images/burger.jpg","price":"1500","id":"aada0140-519d-11e9-ae4d-abda6b7b2106"},{"name":"Salades","description":"La salade est initialement un mets préparé, composé de feuilles d'herbes potagères crues, éventuellement assaisonnées de vinaigrette.","image":"https://www.free-css.com/assets/files/free-css-templates/preview/page193/bootstrap-restaurant/assets/images/salate.jpg","price":"1000","id":"fe9a9650-519d-11e9-bba1-113a5cee6ac7"},{"name":"Boisson","description":"Une boisson, ou un breuvage, est un liquide destiné à la consommation. On trouve des boissons froides ou chaudes, gazeuses, alcoolisées ou non alcoolisées.","image":"https://www.free-css.com/assets/files/free-css-templates/preview/page193/bootstrap-restaurant/assets/images/drinks.jpg","price":"500","id":"b2c7c530-519e-11e9-8e63-f1250629ca7c"},{"name":"Pomme de terre","description":"La pomme de terre, ou patate, est un tubercule comestible produit par l’espèce Solanum tuberosum, appartenant à la famille des solanacées. ","image":"https://www.free-css.com/assets/files/free-css-templates/preview/page193/bootstrap-restaurant/assets/images/chicken.jpg","price":"3000","id":"43f4fe10-519f-11e9-b563-d3eb944e737d"},{"name":"Riz","description":"Le riz est une céréale de la famille des poacées, cultivée dans les régions tropicales, subtropicales et tempérées chaudes pour son fruit, ou caryopse, riche en amidon.","image":"https://www.free-css.com/assets/files/free-css-templates/preview/page193/bootstrap-restaurant/assets/images/rice.jpg","price":"2500","id":"22acadb0-51a0-11e9-b4d3-4db54a7278e5"},{"name":"Frites","description":"La frite est un bâtonnet de pomme de terre cuit par friture dans une graisse animale ou une huile végétale. Les appellations « pomme frite » et « patate frite » sont utilisées indifféremment pour ce bâtonnet, pour une tranche ou pour une rondelle du même végétal cuit de cette façon.","image":"https://www.free-css.com/assets/files/free-css-templates/preview/page193/bootstrap-restaurant/assets/images/fish-and-chips.jpg","price":"3500","id":"8b192950-51a0-11e9-8eeb-df616428eb05"}]